Feature,Estimate,Std Error,t-stat,P-Value
Intercept,60302.356877500555,,,
MODELED_DURATION,13.568255034909013,22.582734517874922,0.600824272373628,0.5479671113589286
MIN_YEARS_EXPERIENCE,7025.956163854732,94.91084451005122,74.02690598871104,0.0
EDUCATION_LEVELS_NAME_vec,21503.26733510306,33766.6257168086,0.636820140556686,0.5242527914417083
